{
  "project_info": {
    "project_number": "483423609133",
    "project_id": "loginpage-8bc78",
    "storage_bucket": "loginpage-8bc78.appspot.com"
  },
  "client": [
    {
      "client_info": {
        "mobilesdk_app_id": "1:483423609133:android:35106235a33fc5979973a4",
        "android_client_info": {
          "package_name": "com.example.login_kotlin"
        }
      },
      "oauth_client": [
        {
          "client_id": "483423609133-9qf5pvb3lp07o49sv8mmp5fvkh41p91j.apps.googleusercontent.com",
          "client_type": 3
        }
      ],
      "api_key": [
        {
          "current_key": "AIzaSyCir6JgWLwx1FOIMs0VyoT7f-dZv488jHE"
        }
      ],
      "services": {
        "appinvite_service": {
          "other_platform_oauth_client": [
            {
              "client_id": "483423609133-9qf5pvb3lp07o49sv8mmp5fvkh41p91j.apps.googleusercontent.com",
              "client_type": 3
            }
          ]
        }
      }
    }
  ],
  "configuration_version": "1"
}